object_id,image_files
O0001,O0001_000001.jpg O0001_000002.jpg O0001_000003.jpg O0001_000004.jpg O0001_000005.jpg O0001_000006.jpg O0001_000007.jpg O0001_000008.jpg O0001_000009.jpg O0001_000010.jpg O0001_000011.jpg O0001_000012.jpg O0001_000013.jpg O0001_000014.jpg O0001_000015.jpg O0001_000016.jpg O0001_000017.jpg O0001_000018.jpg O0001_000019.jpg
O0002,O0002_000001.jpg O0002_000002.jpg O0002_000003.jpg O0002_000004.jpg O0002_000005.jpg O0002_000006.jpg O0002_000007.jpg O0002_000008.jpg O0002_000009.jpg O0002_000010.jpg O0002_000011.jpg O0002_000012.jpg O0002_000013.jpg O0002_000014.jpg O0002_000015.jpg O0002_000016.jpg O0002_000017.jpg O0002_000018.jpg O0002_000019.jpg O0002_000020.jpg O0002_000021.jpg O0002_000022.jpg O0002_000023.jpg O0002_000024.jpg O0002_000025.jpg
O0003,O0003_000001.jpg O0003_000002.jpg O0003_000003.jpg O0003_000004.jpg O0003_000005.jpg O0003_000006.jpg O0003_000007.jpg O0003_000008.jpg O0003_000009.jpg O0003_000010.jpg O0003_000011.jpg O0003_000012.jpg O0003_000013.jpg O0003_000014.jpg O0003_000015.jpg O0003_000016.jpg O0003_000017.jpg O0003_000018.jpg O0003_000019.jpg O0003_000020.jpg
O0004,O0004_000001.jpg O0004_000002.jpg O0004_000003.jpg O0004_000004.jpg O0004_000005.jpg O0004_000006.jpg O0004_000007.jpg
O0005,O0005_000001.jpg O0005_000002.jpg O0005_000003.jpg O0005_000004.jpg O0005_000005.jpg O0005_000006.jpg O0005_000007.jpg O0005_000008.jpg O0005_000009.jpg O0005_000010.jpg O0005_000011.jpg O0005_000012.jpg O0005_000013.jpg O0005_000014.jpg O0005_000015.jpg O0005_000016.jpg O0005_000017.jpg O0005_000018.jpg O0005_000019.jpg O0005_000020.jpg O0005_000021.jpg O0005_000022.jpg O0005_000023.jpg O0005_000024.jpg O0005_000025.jpg O0005_000026.jpg O0005_000027.jpg O0005_000028.jpg O0005_000029.jpg O0005_000030.jpg O0005_000031.jpg O0005_000032.jpg O0005_000033.jpg O0005_000034.jpg O0005_000035.jpg O0005_000036.jpg O0005_000037.jpg O0005_000038.jpg
O0006,O0006_000001.jpg O0006_000002.jpg O0006_000003.jpg O0006_000004.jpg O0006_000005.jpg O0006_000006.jpg O0006_000007.jpg O0006_000008.jpg O0006_000009.jpg O0006_000010.jpg O0006_000011.jpg O0006_000012.jpg O0006_000013.jpg O0006_000014.jpg O0006_000015.jpg O0006_000016.jpg O0006_000017.jpg O0006_000018.jpg
O0007,O0007_000001.jpg O0007_000002.jpg O0007_000003.jpg O0007_000004.jpg O0007_000005.jpg O0007_000006.jpg O0007_000007.jpg
O0008,O0008_000001.jpg O0008_000002.jpg O0008_000003.jpg O0008_000004.jpg O0008_000005.jpg O0008_000006.jpg O0008_000007.jpg O0008_000008.jpg O0008_000009.jpg O0008_000010.jpg O0008_000011.jpg O0008_000012.jpg O0008_000013.jpg
O0009,O0009_000001.jpg O0009_000002.jpg O0009_000003.jpg O0009_000004.jpg O0009_000005.jpg O0009_000006.jpg O0009_000007.jpg O0009_000008.jpg O0009_000009.jpg O0009_000010.jpg O0009_000011.jpg O0009_000012.jpg O0009_000013.jpg O0009_000014.jpg
O0010,O0010_000001.jpg O0010_000002.jpg O0010_000003.jpg O0010_000004.jpg O0010_000005.jpg O0010_000006.jpg O0010_000007.jpg O0010_000008.jpg O0010_000009.jpg
O0011,O0011_000001.jpg O0011_000002.jpg O0011_000003.jpg O0011_000004.jpg O0011_000005.jpg O0011_000006.jpg O0011_000007.jpg O0011_000008.jpg O0011_000009.jpg O0011_000010.jpg
O0012,O0012_000001.jpg O0012_000002.jpg O0012_000003.jpg O0012_000004.jpg O0012_000005.jpg O0012_000006.jpg O0012_000007.jpg
O0014,O0014_000001.jpg O0014_000002.jpg O0014_000003.jpg O0014_000004.jpg O0014_000005.jpg O0014_000006.jpg
O0015,O0015_000001.jpg O0015_000002.jpg O0015_000003.jpg O0015_000004.jpg O0015_000005.jpg O0015_000006.jpg O0015_000007.jpg O0015_000008.jpg O0015_000009.jpg O0015_000010.jpg O0015_000011.jpg O0015_000012.jpg O0015_000013.jpg O0015_000014.jpg O0015_000015.jpg O0015_000016.jpg O0015_000017.jpg O0015_000018.jpg O0015_000019.jpg O0015_000020.jpg
O0016,O0016_000001.jpg O0016_000002.jpg O0016_000003.jpg O0016_000004.jpg O0016_000005.jpg O0016_000006.jpg O0016_000007.jpg O0016_000008.jpg O0016_000009.jpg O0016_000010.jpg O0016_000011.jpg O0016_000012.jpg O0016_000013.jpg O0016_000014.jpg O0016_000015.jpg O0016_000016.jpg O0016_000017.jpg O0016_000018.jpg O0016_000019.jpg O0016_000020.jpg
O0017,O0017_000001.jpg O0017_000002.jpg O0017_000003.jpg O0017_000004.jpg O0017_000005.jpg O0017_000006.jpg O0017_000007.jpg O0017_000008.jpg O0017_000009.jpg O0017_000010.jpg O0017_000011.jpg O0017_000012.jpg O0017_000013.jpg O0017_000014.jpg O0017_000015.jpg O0017_000016.jpg O0017_000017.jpg O0017_000018.jpg O0017_000019.jpg
O0018,O0018_000001.jpg O0018_000002.jpg O0018_000003.jpg O0018_000004.jpg O0018_000005.jpg O0018_000006.jpg O0018_000007.jpg O0018_000008.jpg O0018_000009.jpg O0018_000010.jpg O0018_000011.jpg O0018_000012.jpg O0018_000013.jpg O0018_000014.jpg O0018_000015.jpg O0018_000016.jpg O0018_000017.jpg O0018_000018.jpg O0018_000019.jpg
O0019,O0019_000001.jpg O0019_000002.jpg O0019_000003.jpg O0019_000004.jpg O0019_000005.jpg O0019_000006.jpg O0019_000007.jpg O0019_000008.jpg O0019_000009.jpg O0019_000010.jpg O0019_000011.jpg O0019_000012.jpg O0019_000013.jpg O0019_000014.jpg O0019_000015.jpg O0019_000016.jpg O0019_000017.jpg O0019_000018.jpg O0019_000019.jpg O0019_000020.jpg
O0020,O0020_000001.jpg O0020_000002.jpg O0020_000003.jpg O0020_000004.jpg O0020_000005.jpg O0020_000006.jpg O0020_000007.jpg O0020_000008.jpg O0020_000009.jpg O0020_000010.jpg O0020_000011.jpg O0020_000012.jpg O0020_000013.jpg O0020_000014.jpg O0020_000015.jpg O0020_000016.jpg O0020_000017.jpg O0020_000018.jpg O0020_000019.jpg O0020_000020.jpg
O0021,O0021_000001.jpg O0021_000002.jpg O0021_000003.jpg O0021_000004.jpg O0021_000005.jpg O0021_000006.jpg O0021_000007.jpg O0021_000008.jpg O0021_000009.jpg O0021_000010.jpg O0021_000011.jpg O0021_000012.jpg O0021_000013.jpg O0021_000014.jpg O0021_000015.jpg O0021_000016.jpg O0021_000017.jpg O0021_000018.jpg O0021_000019.jpg O0021_000020.jpg
O0022,O0022_000001.jpg O0022_000002.jpg O0022_000003.jpg O0022_000004.jpg O0022_000005.jpg O0022_000006.jpg O0022_000007.jpg O0022_000008.jpg O0022_000009.jpg O0022_000010.jpg O0022_000011.jpg O0022_000012.jpg O0022_000013.jpg O0022_000014.jpg O0022_000015.jpg O0022_000016.jpg O0022_000017.jpg O0022_000018.jpg O0022_000019.jpg O0022_000020.jpg
O0023,O0023_000001.jpg O0023_000002.jpg O0023_000003.jpg O0023_000004.jpg O0023_000005.jpg O0023_000006.jpg O0023_000007.jpg O0023_000008.jpg O0023_000009.jpg O0023_000010.jpg O0023_000011.jpg O0023_000012.jpg O0023_000013.jpg O0023_000014.jpg O0023_000015.jpg O0023_000016.jpg O0023_000017.jpg O0023_000018.jpg O0023_000019.jpg O0023_000020.jpg
O0024,O0024_000001.jpg O0024_000002.jpg O0024_000003.jpg O0024_000004.jpg O0024_000005.jpg O0024_000006.jpg O0024_000007.jpg O0024_000008.jpg O0024_000009.jpg O0024_000010.jpg O0024_000011.jpg O0024_000012.jpg O0024_000013.jpg O0024_000014.jpg O0024_000015.jpg O0024_000016.jpg O0024_000017.jpg O0024_000018.jpg O0024_000019.jpg O0024_000020.jpg
O0025,O0025_000001.jpg O0025_000002.jpg O0025_000003.jpg O0025_000004.jpg O0025_000005.jpg O0025_000006.jpg O0025_000007.jpg O0025_000008.jpg O0025_000009.jpg O0025_000010.jpg O0025_000011.jpg O0025_000012.jpg O0025_000013.jpg O0025_000014.jpg O0025_000015.jpg O0025_000016.jpg O0025_000017.jpg O0025_000018.jpg O0025_000019.jpg O0025_000020.jpg
O0026,O0026_000001.jpg O0026_000002.jpg O0026_000003.jpg O0026_000004.jpg O0026_000005.jpg O0026_000006.jpg O0026_000007.jpg O0026_000008.jpg
O0027,O0027_000001.jpg O0027_000002.jpg O0027_000003.jpg O0027_000004.jpg O0027_000005.jpg O0027_000006.jpg O0027_000007.jpg
